article	simple	complex	simple_size	complex_size
April	11.895225357157072	26.50452940600857	99	535
August	14.618685517010487	21.92454590252179	179	271
Art	15.73448315917135	20.073184816657136	864	5916
A	13.295385048671921	16.510896654245624	126	821
Wikipedia:Administrators	11.173863707355302	14.476726391585782	730	2845
Autonomous communities of Spain	9.87890073065659	16.192783121632473	154	1827
Alan Turing	12.105797845622481	10.723333246342941	333	5029
Alanis Morissette	8.63182341660071	13.545508170675856	228	4264
Adobe Illustrator	13.124603728731207	18.377627200772984	79	1340
Andouille	9.882824824100494	8.114022333192956	156	512
Arithmetic	11.163979102363466	7.721390017602581	143	2515
Addition	22.557692071903254	6.420669484466572	318	4972
Australia	12.176596827425161	11.633616746619365	4138	7872
American English	11.783123050161498	14.316079893514882	344	4516
Aquaculture	14.12863859998346	6.289423893257784	70	3432
Abbreviation	11.818413168419335	8.9020722350762	247	2662
Angel	10.591430422217957	13.084960616825704	145	3874
Ad hominem	13.398033287268394	14.79919441366924	241	912
Apple	6.011528426028825	9.754549309043364	1295	4135
Algebra	11.11578648753222	9.304705413811842	1192	2848
Atom	8.920452312018881	10.924605199000418	2126	15799
Astronomy	8.305121695762402	10.474783694111345	2612	6359
Architecture	9.132216760378082	3.340654907065476	764	2754
Anatomy	10.288687934872426	3.927285117084782	223	618
Asteroid	8.895119922685893	7.505115147723905	260	5235
Afghanistan	10.638534854114543	14.23629916443721	2910	12716
Angola	12.802189763837259	19.095635854262017	22	5588
Argentina	12.456563108812013	14.000187621550422	629	12586
Austria	7.5211726214644266	13.192648529291162	574	10366
Armenia	11.20028506645572	11.800646384590191	261	9562
Archaeology	12.94767153828885	4.469490274200522	455	6419
Animal	7.833670958375002	8.395565568128902	392	2912
Acceleration	9.474160758742519	4.147993753441841	336	900
Black pudding	11.239409754157741	12.716774167496036	203	3160
Boot	10.153098634175333	13.65923223769793	286	559
Bankrupt	20.278478535465307	9.252882529899585	209	89
Breakfast sausage	13.798511779535342	10.809770238155243	222	325
Beekeeping	9.380267578504272	11.257658849082885	121	7168
British English	16.240768857370483	16.139401161794485	237	2518
Being	13.751785237331372	17.07047010862264	58	4763
Beijing	8.273088700155858	6.358456486149154	490	8804
Bottle	14.305660068218314	15.157840461415057	39	974
Berry	9.813636184587619	11.206860682885175	259	733
Boil	14.702669100305757	9.929556616933311	122	1189
Beard	16.88237657020747	9.408862095881751	114	4199
Black	10.593971711063489	12.843866393264957	142	682
Bubonic plague	9.119940362134741	10.106356984436118	552	1478
Biology	15.381141580851452	7.918615664396771	248	3710
Botany	4.578823513818394	12.119772822068008	49	2679
Belgium	10.842784522517258	13.04372097731476	457	6395
Brazil	15.416069634313816	13.853719059551915	338	8557
Chemistry	7.172504724193938	7.415602754768283	1125	5553
Computer science	6.1569045124962924	4.339341138134996	508	2897
Computer	11.900138866545582	5.989175245471428	3043	6745
Chinese	15.114956352224635	13.201375173823584	266	22
Continent	6.918651136956954	6.22394249088846	243	4298
Classical element	13.33584485090839	18.182112243066673	130	2410
China	11.49650443067082	7.820555829342366	1165	7238
Country	10.024299032276272	17.81374181143002	46	724
Colchester	9.972795562315541	9.446352141750886	141	3853
Wikipedia:Copyrights	13.91769006351397	7.934591285211156	853	3515
Cartography	11.217200774669083	7.712070146516616	95	3575
Contact network	4.962327895076516	9.245924038112182	67	385
Chorizo	11.189137348198747	7.982204425825274	129	2431
Creativity	15.868086425031482	12.76804827081592	390	7334
Catharism	7.310537168665458	9.377801949830129	1288	6311
Cosmology	14.644195326221725	8.601643282384623	314	1445
City	12.062018881973097	13.866439661295907	987	10121
Cooking	12.008906816564773	9.480725322575585	339	2329
Cup	14.99098465797653	14.288098931154202	104	24
Crime	13.229154410411672	12.46006497854994	440	4434
Time Cube	14.383733732094946	16.771066233643012	180	420
Census of Marine Life	11.251554729537911	20.543437940085905	111	2159
Maize	5.99747997925119	6.473451098888629	104	6239
Civics	9.471884492404545	17.181355696982784	57	792
Calculus	10.752498235873803	5.925728060878177	1512	4401
Coin	14.92776213475105	9.36156107681753	322	3775
Conceptual metaphor	21.034996222811365	15.542981131085856	68	1863
Comedy	5.477809001309114	12.029235279399117	557	1478
Comet	7.218857831677413	2.732527240709991	556	7070
Cytology	10.091935504332278	16.63794629815795	99	57
Christian	11.048347240612998	11.885811694155368	378	1279
Cheese	11.44589928598805	12.299791521148729	387	4875
Constitution	7.740249473377005	18.34750543489638	372	7981
Circle	12.028058978507595	7.363708923882567	478	1853
Capitalization	16.95327625854434	13.33978060361942	87	1030
Cuba	8.554136180565111	13.450177515970521	1865	9158
Cube	17.49329855409088	9.510754252778144	151	970
Cost of living	12.269938650306749	7.76873897805771	51	650
December	12.46057286103388	6.540621110535226	95	186
Dublin	10.82340784645878	10.498906999878422	125	7285
Dance	8.370731898373517	9.410632160232709	779	2068
Diarrhea	9.550380906537413	8.038809958841206	186	1712
Dimension	12.114304426108976	15.197788514791515	243	2283
Distance	15.94742109293711	13.8757177336573	85	1816
Dictionary	14.915141419036576	11.099197368558242	625	2510
Definition	18.490834549816068	10.423707955226448	91	2067
Denmark	15.062351595087724	13.407421823017886	1187	12567
Death	14.942217342808048	11.361205885463793	326	3535
Europe	17.20193761009114	12.95582120473431	245	9068
Encyclopedia	15.1205409931917	14.712237189176333	692	5008
Earth science	28.644971999764188	11.45314999554644	138	907
Earth	6.895925437672763	11.445143463100933	1495	8313
Experiment	15.172773406854713	10.883021417512891	218	4106
Ethics	7.390098302638646	3.419571363527538	301	4277
Einstein on the Beach	15.750663723745216	15.104079314611788	76	1840
Ethnic group	15.679212259179785	18.731607322822487	82	3755
Ebola	8.584668976306968	5.448846378084851	430	4757
Ecology	12.165824043086872	7.6441358475205705	469	11283
Economics	10.366160268701377	3.7491298544013167	625	10462
Chemical element	9.371272233217402	11.379333206034765	608	4597
Egypt	15.253590064911098	13.449571098929422	382	10073
Everything2	15.14092669523943	12.514392659376226	142	2761
Ecological yield	16.895672436257456	16.965719195063226	278	275
February	20.414381891177072	18.17407674849994	231	799
FAQ	19.192376877303587	6.524893521347505	74	1001
Financial capital	3.7937691541854437	11.73004023828855	322	1505
Food	10.318308023601064	12.148227745492855	569	6114
Frying	16.1645203134451	9.84975797720718	55	422
Fish	9.64128977921847	6.56472887013083	904	5789
Foot	12.146615982972689	8.955439799576915	456	2077
France	4.5254658681688475	13.926477859398824	2841	16398
Finland	9.741254858758712	11.560017561439786	1601	12174
Fruit	12.582152132006167	6.491894933559861	427	2939
Farm	12.801975634927103	10.422840024618724	90	1848
Geography	11.363548207635967	11.318858451746584	282	2921
Grammar	10.672860528971919	10.869620122766758	621	2258
Great Lakes	13.679821971420422	12.058067188653338	110	6547
GNU Free Documentation License	12.139256826947271	21.53211036080355	636	1857
Glass	13.173890374622106	5.2703133878002015	223	4433
God	6.13000603087035	5.675398050073839	1157	3313
Ghost	16.730789332752398	5.513404097747879	449	6873
Green	9.603542687874588	14.036549297839855	136	3362
Google	15.223057612988878	4.758700629576385	553	7455
Gallon	12.794796364047908	4.289867515807908	31	829
Government	15.028266217731275	19.57621091947294	549	340
Galaxy	11.912505496866851	7.855762788346267	667	6204
Geometry	9.084784970602477	4.511627004205093	186	3098
Graph theory	4.14402120156202	5.931665184134502	965	2304
Goatee	24.06141138618864	21.67277050774327	22	42
Herm	13.973644329832691	22.147293926064343	59	1839
History	19.31949515092021	11.000085559237242	266	4609
Health	15.818975817770989	10.69580749085555	398	2162
Harbor	26.94855230954471	17.287280625605	127	605
Hawaii	6.988588355556407	7.0729586617298645	500	7654
Hawaii (island)	5.705300539643342	4.937327494707393	240	1712
Healing	10.997536176548117	14.524416974609021	29	677
History of Australia	7.888267228713764	12.753202242710133	2409	22224
History of Spain	14.546700555585875	14.026647230557957	1130	10422
Height	10.0	10.372303439783936	88	585
Historian	24.223408426381805	20.155614907304212	23	2158
Human body	10.17935890306035	15.933288245030601	221	941
Hydrogen	6.801416985593565	6.729367236125477	708	5588
Helium	9.683583511959991	10.074215399469193	283	7533
Hair	4.790991237978332	3.768600952491043	995	6207
Ireland	10.869284847807966	14.204590879133102	458	13545
Internet	11.632448688508815	13.236476351718965	539	7963
Italy	6.252231533746638	14.379766480934435	1490	12722
If	14.239716847491655	12.766625996983727	66	17
Island	13.164803513011728	5.986247249124407	84	1056
Interim	-1.0	18.83960667153478	26	532
Idiom	8.856106217688051	8.864956642725506	512	1100
IELTS	9.1046061007654	15.06549643307286	107	1824
Ink	9.485286965280752	9.070731921262317	186	2228
Inch	15.3509128431977	12.607461748485065	106	1257
Pint	6.934519988537549	5.381188686452604	139	1425
ISO 19011	16.455964718506042	10.0	40	10
India	4.670423586563348	13.620647395763777	2535	7618
Insult	12.956126393627812	23.57465556109002	159	551
Immunology	17.271475433638425	6.117326863102031	677	1968
Infinity	4.076396894329944	5.149991396141122	151	3104
January	13.587694306272702	21.258220604890898	131	703
June	11.628076762729041	9.35744432733068	81	437
July	9.571529448723096	12.936616886401094	79	234
Japan	7.133985797291121	11.64485186664822	1158	7091
Jargon	12.756089453827578	19.662480477331925	178	205
Jupiter	11.134659948598024	9.51520232511016	1808	7080
Knowledge	17.15451332020405	12.984498613597733	365	1975
Kauai	13.508218746873595	14.511972084062286	237	1896
Killing	11.62136029811651	10.0	119	19
Kilometre	13.492949812631302	13.44681030119422	134	586
Language	9.747853347032706	4.950309749395233	696	5962
Leisure	35.59468978999272	18.6683799172248	181	217
Life	10.522642980753321	10.039969534756462	396	4164
Law	7.094476477938023	3.774051913604428	1225	9350
Provinces and territories of Canada	11.86007720645582	16.960249055765768	119	1769
Las Vegas, Nevada	10.821089327419507	12.170037922632206	342	4384
Leap year	15.21592849833441	10.84675207246526	294	3220
Leather	12.394556416956195	4.377950837466138	98	2804
License	5.72174549112635	20.894966375120116	362	814
Library	4.87460370897811	5.330487246630916	348	5402
Like	9.69930065624193	14.364269246290295	404	1286
Legislature	18.16589969702943	17.030557929615924	153	501
Linear algebra	5.614260473852201	7.208590027559101	119	1139
London	12.713349931452468	11.256533190550986	507	10629
Litre	6.344048556153188	3.905763242175981	108	2253
Mathematics	5.362543650690924	5.454904531723208	599	4243
March	13.63265924163487	9.465607987443617	79	355
May	17.167355255655323	20.37639833476183	71	247
Music	9.918449660180245	10.741138966824822	3779	8055
Madrid	11.182080122860638	16.974872624846913	1287	11473
Montreal	12.647163496768599	10.747265725400375	428	8175
Maui	10.098434823763277	14.993075150687078	205	3302
Money	10.481921000488889	5.047258757529267	926	3342
Multiplication	8.579435971678086	6.502021757385601	309	2852
Microsoft	7.69981334498227	10.601200129532634	314	4235
Multiverse	4.103954591000519	4.537631518087659	81	2449
MediaWiki	13.487506979074501	5.5905290278416535	493	7282
First language	4.059306167873983	4.752085644182226	112	922
Mile	10.731008432471876	3.468463467192424	181	2252
Margarine	13.176279797754919	6.281310289472971	101	3770
Milky Way	9.37070292593632	7.082400898257584	647	5311
Metaphor	7.3453113473491065	12.736145318625669	620	1700
Metabolism	13.144504810063486	8.099759701079755	110	6175
Mass	7.554609618526357	5.074913243819674	410	7431
Mercury (planet)	11.791344457834251	10.290194660520141	535	7331
Mars	6.449830571406238	11.893356577554053	1347	9588
Mac OS	21.533066603666978	10.723345108451174	102	3525
Metre	25.598098722041236	14.250183837598872	108	1543
Magnifying glass	12.185951424927659	20.304148222005693	104	750
Molecule	10.872947326860446	11.06856867701647	394	1484
Moral reasoning	9.174757904982153	7.833009562365208	120	182
Mosque	7.059247041633028	6.574633136068127	3754	6114
Mammal	13.602226386726548	11.720404176406484	557	4153
Number	3.044331943713409	3.215638378348055	1795	5561
November	10.405816648006859	9.11235154478365	89	328
National anthem	97.30497378893295	10.534450848076414	20	1904
Name	15.179670720280196	14.57632215104432	1182	2118
Niihau	12.131894369370363	15.354250779356398	324	2750
Fishing net	13.443167318641096	4.9645693733895335	29	1219
Internet slang	24.111666703865474	18.049249732020154	333	1499
Nauru	8.859664400733092	12.342900823624419	70	4615
Noun	4.79276730927575	5.541636550854298	755	2249
Wikipedia:Neutral point of view	13.338111294535983	13.02795380198658	515	3495
Nature	22.91221275002446	11.884608825794315	323	6189
Natural resource	11.70946831274981	15.626853050233748	279	523
Negentropy	13.816837800535417	7.93318946776111	325	770
North America	17.92315574924241	12.795225760158344	71	2861
Neptune	11.97736209071693	14.68210599450282	3574	5995
New York City	13.541313941404484	10.84809014915213	956	10011
October	9.808128486483174	18.548266246060304	82	190
1 (number)	17.748786331133005	2.9099434363555083	213	1230
O Canada	8.92653014109084	8.688753414641086	373	1803
Oahu	9.924032999300568	12.360244050484686	299	1472
Open content	13.046416503672672	10.466534575286667	339	593
Orthography	10.336457564378138	5.91671050502594	1245	1085
Oil	11.959645783944303	9.347700400777516	221	813
Oxymoron	17.76747668295056	18.05355520264679	229	910
Operating system	7.87245800594808	7.033767143957509	463	9402
Philosophy	8.542701061475427	11.328768397993441	1161	9583
Physics	15.626524431500927	5.896324666002667	1320	4131
Politics	12.377701221742482	12.64916333964724	634	4723
Value (personal and cultural)	21.55806996967662	11.706353195151706	133	847
Profanity	5.3011423014794365	10.145559179134677	1627	1215
People's Republic of China	8.779999568584111	9.925412450437827	984	10598
Psychoneuroimmunology	22.10913262761375	8.004650404317525	492	2594
Political party	11.106475058632428	13.388164726307544	526	3478
Pet	23.111877734155076	14.607350610981728	214	1393
Platonic realism	22.76313032850073	19.700320174102597	293	1485
Paradox	17.18962085225642	12.819658185052687	347	1232
Potato	6.08827416175448	3.819102733322569	369	9065
Plant	11.561307619928845	7.469143417796833	877	4984
Prediction	13.920495523086446	14.8343553499448	147	976
Probability	22.793874853946736	9.562309865421563	274	2363
Protein	8.271768303304045	9.624386227652696	414	5629
Periodic table	12.094174283205612	11.51745624776354	402	2382
Physiology	15.261091029961404	6.210890452257536	135	842
Planet	9.554952295646906	8.877398899299408	355	8114
Police	8.21169572488716	5.244895674511618	414	8651
Proper noun	8.474257429906377	5.547145080964204	31	1591
Plastic	8.770110681002535	6.924640406251473	190	4239
Product stewardship	12.605866719625908	13.168004303667024	579	574
Peace	19.17094909754366	17.155769364246847	706	2336
Quebec	8.329677024312177	10.794920492678658	974	9951
Religion	9.839537753610127	9.231607304664074	1769	5594
Rudyard Kipling	12.052257721201524	22.107646001819685	47	7594
Recreation	26.21825067436199	23.16788693494125	95	1081
Red	14.889769161886269	13.994108298068738	87	3358
Raw	15.217664045743962	16.28332994097293	62	13
Roman Empire	7.279582633260902	5.196046238409148	872	13011
Regime	17.637066855419313	21.452480227162564	260	284
River	13.938490502903374	12.523073384426189	975	2874
Right angle	10.689285882783151	6.909206527947614	76	621
Ranch	19.588349057952765	6.386426124825085	59	2132
Sport utility vehicle	14.505572468878864	14.116129303732382	725	3474
Symbol	17.875383276124886	18.760910027357628	144	832
September	19.293594737141845	10.10843821475772	85	184
Sound	3.278633866150725	4.0222510099763795	707	1219
Society	21.95825211833688	17.18634261525932	371	3128
Suggestion	-1.0	4.92620046200326	69	472
Spache Readability Formula	34.00451063772221	9.955865725531353	161	110
Sport	17.037863281732164	23.15672403733829	117	2516
Science	17.61891684918121	10.417095964745608	462	6869
Saint Lawrence River	12.346591143873269	12.80837568220103	136	1208
Seville	12.937169381302914	8.348093604531197	247	2761
Salami	15.972375054770332	16.041194779366098	205	907
Special English	12.336555925750297	16.264250242945415	124	512
Sausage	9.051579512382885	4.603631351831151	135	5753
Slang	13.553340432931442	12.848522544329661	283	1083
Wikipedia:Simple English Wikipedia	9.841197920016754	14.848827999607979	803	375
Social contract	6.048404537091648	11.616039121271786	133	3940
Social capital	10.864292200568533	7.847927738109234	303	8707
Site	12.487917352553707	12.394839410548112	169	42
Subtraction	5.883781613777244	7.712972512542131	128	1476
String theory	7.650030643350064	5.8630082914298765	903	8471
Scientist	17.97797058190117	12.270873567841257	121	1958
Soapbox	16.68450120269246	14.404253299656764	82	919
Supernatural	18.278541578057055	8.344934925493812	155	769
Spirit	15.982918213451251	11.5856228499809	201	537
Sail	17.7732554890671	8.015078799467878	136	3127
Skin	10.340683989127182	7.863191608073012	175	1761
Shabbat	12.245659583478744	3.50212656612851	266	3695
Statistics	13.58432360908442	2.1141000489782606	1359	3278
Speed	10.564360816484006	16.987847517444322	127	305
Server log	10.476141832398747	13.972696005023218	25	240
State	10.32298205616584	-1.0	927	29
Stream	23.647875203416778	2.6035729780776555	21	1855
Solar System	11.878653613814507	9.67339299351736	906	7676
Slavery	4.2082946691067304	3.0100557732732565	707	8047
Soul	10.961137271425102	8.911037466381428	381	8866
Soap	10.587474563495098	2.3346907696181045	258	3184
Summary	-1.0	16.24960514178873	82	243
Service economy	13.99977251520701	19.836298039953952	102	1141
Sense	15.28561024169437	9.540557477478105	228	2921
Synagogue	7.538347555817901	5.889543078065951	373	2192
Scarcity	26.8765379012721	19.908524039496527	179	472
Theatre	14.002257743925195	16.241827761624094	1129	1835
This	8.779064198558196	12.647521481024766	111	18
Wikipedia:Text of the GNU Free Documentation License	21.1330279583809	17.874808321114102	2904	4052
Time horizon	16.29430466154829	21.98713492793185	101	436
Time limit	22.379532736615683	26.51468339665855	208	41
Taiwan	2.483661839840162	9.323594994623742	578	7761
Trademark	3.174828117443437	2.587276732340083	626	6541
Ten Commandments	3.9987318991753895	3.8541789307446517	2500	7124
Tree	11.853664948591046	11.714858534931686	2865	2959
Tragedy	20.584496498162984	5.255243872893429	139	5236
Taxonomy	9.248472569023754	11.865531966998741	429	1852
Temple	15.812387675764526	8.873667666047238	49	1887
Theft	9.10857567565152	4.874801184717069	193	1458
United Kingdom	12.9886776582982	14.813309542719008	2427	14788
Universe	8.175840672931317	9.948071107910671	3339	9128
Uranus	11.349360008535086	10.962792949617153	1036	7690
University	21.08033559002373	21.25626539359914	364	3766
VolapÃ¼k	14.486966480095388	14.055721993513444	234	1984
Vocabulary	8.724144133196226	4.8066637639633045	527	1842
Verb	6.627819931247559	12.45611923889499	1633	1326
Volume	20.86880175490864	11.758005740821435	81	719
Vatican City	12.894246492968934	6.808548623412736	324	5543
Velocity	12.236020426467935	7.4586584452558435	155	858
Virtual community	15.962508272929739	12.978406299853336	56	3477
Wikipedia:Wikipedians	12.91558925038017	10.06872050193654	67	752
World Wide Web	11.824802217287674	10.505237418235273	165	4687
Wiki	5.770958119659787	3.9210748369189017	432	4379
Website	18.546123968602135	11.707612499389914	283	2248
Word	11.614834702746785	13.647167617942902	180	1103
Web browser	18.899470915997743	7.452717285825151	62	1444
Wikipedia:What Wikipedia is not	10.636875741071796	7.127396906151904	44	2072
Wikipedia:Mailing lists	8.390733936118941	24.94270748530286	334	252
Wiktionary	8.161743620626188	11.308128333530266	164	1228
Microsoft Windows	11.939786710307075	12.67289376565206	226	3593
Window	13.973526039478893	6.502534633930083	95	2729
Wine	6.223384546730076	5.385225140817085	270	4945
Water	8.137863515254388	9.171318484893934	499	7466
Web server	7.965181431588802	10.233150345189095	180	967
War	10.278328182724291	11.163740114438474	875	7567
Year	8.8076596564376	3.8719975075454403	122	2958
Yard	18.13615349840729	18.793155424268747	33	557
Chinese language	12.344341776415	8.562981974240248	1279	7646
Zoology	14.186149003341216	8.127449603820752	114	1629
Zinc	5.710516858758034	8.338885748602692	1617	7870
Zebra	8.958775982255558	5.90565616511667	208	2488
Zoo	24.79570268697965	14.335064543895406	172	3575
MediaWiki:Lastmodified	-1.0	-1.0	9	8
MediaWiki:Nosuchactiontext	22.537480887159766	31.193745172539472	10	12
MediaWiki:Logouttext	10.0	20.399143812229287	55	56
MediaWiki:Loginsuccess	10.0	11.798081049107946	17	24
MediaWiki:Passwordremindertext	13.682209159758767	5.575064886416262	50	99
MediaWiki:Searchresulttext	-1.0	11.764705882352942	19	19
MediaWiki:Searchdisabled	13.992710672284158	14.321609856033588	46	48
MediaWiki:Uploadtext	15.476333910997445	17.041030271376965	180	85
MediaWiki:Disambiguationspage	-1.0	43.1747338028228	69	214
MediaWiki:Booksourcetext	-1.0	-1.0	50	49
MediaWiki:Mailnologintext	10.064731428601704	10.064731428601704	22	23
MediaWiki:Blockiptext	13.900109505703279	17.419374366448928	176	131
MediaWiki:Blockipsuccesstext	3.956955851405361	-1.0	26	8
MediaWiki:Autoblocker	16.28332994097293	16.28332994097293	27	30
MediaWiki:Blocklogtext	10.0	26.51468339665855	50	97
Wikipedia:Deletion log	24.42499935136731	10.0	6048	21
Copyright	8.044985522691018	5.668937758240191	829	9985
Republic of China	6.418677966045492	6.894648674211601	642	10357
Wikipedia:Protection log	38.25916808785811	-1.0	238	20
Wikipedia:Statistics	19.174038261117765	19.52416381846635	21	242
Wikipedia:Template messages	17.509428170568714	31.327397218920577	325	571
Template:Uw-test1	9.99762322096505	7.243250105289636	49	57
Wikipedia:Vandalism in progress	-1.0	-1.0	9	2
Wikipedia:Announcements	15.61337913681686	22.089798368474465	106	39
Wikipedia:About	10.327593723929274	7.8044581098250925	207	3908
Wikipedia:Contact us	10.246383482311241	17.72060426924714	644	24
Wikipedia:Deletion review	26.1683377499678	24.097453061621348	150	424
Prison	10.801505132600175	3.852407616020209	472	4962
Mexico	5.034822115316203	9.615530356894006	1105	11371
Atlantic Ocean	12.122896721419744	4.618927298659746	303	2640
Mercury (element)	11.786106570841971	13.098292869369764	1631	5583
Wikipedia:Disambiguation	16.471647188046035	14.50190779492051	1030	1975
Africa	11.581895497754298	8.922674378421904	755	6956
Butter	11.97204265797719	8.353712781958922	109	4260
Cold War	9.001414015117506	10.51034499306843	1358	12911
Mainland China	14.83652729819385	7.397604068216421	222	1256
Climate	12.207068910219157	9.47862291986215	365	2566
Fold (geology)	12.628030239027128	17.180524580905377	323	1882
Pacific Ocean	20.250204501888675	10.063295834997126	234	2740
Antarctica	9.484115165048527	11.387806851828156	1749	7737
South Pole	9.632372451577716	14.477022052100672	991	1919
Indian Ocean	41.32361393216543	10.139902323952308	138	1946
Arctic Ocean	12.977100814605214	9.597602184801625	153	2374
Inuit	10.874910333711435	12.717652446510934	982	8681
Basket	16.992868192435353	19.83909770739018	192	251
South America	14.000854992825506	12.609619481076994	343	4488
Bed	12.390614109811818	16.853711211275975	17	2190
Asia	14.583360805722833	11.379803959437478	249	4363
Coordinated Universal Time	10.826717770778416	10.777327035709932	192	3900
Television	8.844246741960495	8.690443002682871	369	3610
Sociology	8.727801807049252	8.724407681355512	527	8046
Sky	9.77615837151876	14.845040611950843	116	726
Dollar	14.88903579136287	13.92267151162782	115	1700
Beer	7.877680723224127	8.36485816740297	707	6524
Eurasia	9.322564820784809	16.404563031106413	222	942
North Pole	13.286218583953342	12.735747480450014	187	3915
Plural	6.526955358707275	5.008642665744041	154	1430
Alexander Gode	17.46799430008484	18.731655140133547	30	463
Oceania	19.149643567148487	11.437147737508843	69	1397
Southern Ocean	13.021658076700406	10.817350864059083	69	1817
Catalan language	25.854930990628798	14.829406365850327	126	3734
Corset	19.174038261117765	7.565621589918454	20	2937
Pop music	13.151190679073277	10.035306820268167	672	1349
General semantics	70.07456317085087	8.287717401168639	110	2164
Semiotics	23.03030714031242	4.161126474008618	83	1918
Wikipedia:General disclaimer	18.13813268626161	23.46138610718076	925	879
Wikipedia:Block log	28.413494013143605	-1.0	622	36
Nitrogen	5.021269919201878	7.2099855457739075	534	4788
Association football	12.13566990857058	8.291690767995336	513	5149
Wikipedia:Upload log	6.247550281916874	-1.0	4220	24
Wikipedia:Cleanup	10.0	19.211594454334076	93	698
Wikipedia:Glossary	10.036868215453651	40.60610885987704	1167	13914
Earthquake	8.09352570767341	3.5671857777611256	955	5208
Scurvy	8.947952566057465	10.825667077165706	209	3733
Ion	3.6349991820407155	3.6248986863404085	461	2320
Cognitive science	32.064533569276804	6.2816900777788485	70	3780
Anthropology	12.733996676535824	4.126799728764906	212	7664
Education	9.282381462481164	12.577341917025274	347	4411
Army	13.644148274382921	11.028282143149415	433	2558
Theology	7.390642698864122	11.57727367656382	174	1860
Romania	7.624824148591996	11.946979479748482	3711	10508
Argon	8.824447456005652	9.481927011906816	67	2472
Trade	8.134649907931003	18.851513611602154	271	2514
European Union	13.24135121656941	10.155506420078932	1138	9811
Greece	9.325127168274086	14.10111718506828	1696	9075
Sweden	14.316781157434905	15.718019785742674	379	15786
Albert Einstein	12.35951150257123	10.752999549967855	5051	8338
Euro	8.878540147428293	5.731266872778866	513	5179
Currency	6.567628726956385	8.475838442272416	170	2677
Radio telescope	20.85557570999614	9.444975179005027	175	1652
Korea	7.90277690653435	12.7268127135043	1548	5795
Switzerland	8.660985503208629	10.221013130604414	1417	11218
LOL	9.14103078931247	11.668945382046147	197	1279
Wikipedia:Deletion policy	13.366313668344423	16.188847241237546	726	2023
Wikipedia:Protection policy	-1.0	14.391085014784986	280	2038
United States dollar	8.945803948079531	8.18677154522441	484	8136
Fluid ounce	26.0626721228298	3.7423863785764078	33	380
Meteor shower	19.01508873703929	13.01778461399139	88	1998
Cat	5.595400103142772	5.718440874227702	2610	11860
Engineering	8.986614084752246	13.453724691129638	604	3521
Communication	23.28867987650369	13.206544636756337	220	3040
Miracle	19.36458842772553	12.965546314567469	159	3586
Wikipedia:Accuracy dispute	15.854569515568388	12.427589136937348	133	69
English language	8.30489821694398	15.535983582896185	1065	8778
William Shakespeare	12.867170971877057	17.36684948188535	483	6971
Trier	10.352849000744165	15.21450507048321	54	1422
Computer network	7.346484031485423	8.142812943776278	323	3268
Turkey	8.272447654597373	14.534760128653424	533	8462
Thomm	12.211411221485433	33.16486937525009	78	63
Bible	15.000299716741711	7.989199918332141	823	6087
Bavaria	10.596999942326866	9.840526391465074	153	4181
Rome	13.073943936290007	6.794097710344141	751	12186
Carnivore	10.5517452247572	9.201560725769395	126	974
Cologne	13.990537015794672	12.053553542799042	437	5212
Senegal	11.31004131481858	12.17761948239189	294	3457
Developmental biology	11.943711048023893	13.274069532865186	425	1281
1920s	6.5702752534689	19.668668948377437	33	490
Outer space	19.33094462776625	6.083896165866087	263	3976
Centripetal force	10.627230569268036	8.032100093045466	149	3269
Treaty	22.145505878760407	11.138303799152878	79	3826
Luxembourg	12.399323048074057	11.836285463108938	136	3874
Baden-WÃ¼rttemberg	11.279138080324179	16.79995674074012	415	2322
Vienna	9.228047704880943	12.665765898759709	177	6567
Telescope	12.368366908481777	10.466321752218862	159	1441
Homonym	21.444922052470957	11.674938874098938	59	597
Peru	12.09565561269975	16.37972845904314	722	3108
States of Germany	11.965859825449558	11.796063962562547	43	4980
Munich	14.51476033898691	12.458304604579492	356	7475
Berlin	10.056072768588413	10.902894365923752	213	9099
1930s	-1.0	8.571609185124155	20	447
1940s	-1.0	23.29552215566056	21	1381
1950s	-1.0	17.270628541497917	21	1446
MediaWiki:Googlesearch	-1.0	42.32816538193301	4	56
Hamburg	12.246310084877186	9.773459613955906	279	7637
Emphysema	14.046515287873545	10.593941018179908	386	2291
Oxygen	9.009925822666753	7.750860642569348	437	7512
Blood	5.013187986666779	4.022119909553029	921	4859
1960s	-1.0	19.983635971066565	20	4170
1970s	-1.0	17.451026860201672	21	6328
1980s	19.511721602216088	3.325792179741884	242	3330
1990s	10.0	23.122458842977704	36	3236
North Rhine-Westphalia	11.252407045809095	7.807975738157468	37	1781
Computer program	11.253212846351579	7.876921796777992	210	1838
Data	-1.0	15.79072037231899	41	1277
Stuttgart	11.70514998681276	7.879779146097332	100	6211
Schwerin	14.009735830524162	11.044424927224641	43	514
Russia	8.89420874933456	12.97738245379372	1329	16059
Moscow	13.727900728127741	7.947299281460427	1603	11252
Saarland	20.611708753587955	11.628073530410603	165	3012
Iceland	10.609399466666128	14.879325099374432	888	9103
1965	10.0	18.630820754447466	16	17
1969	10.0	7.346370593179563	26	51
SaarbrÃ¼cken	16.297932521950102	16.159205978746026	42	860
Saarlouis	4.508254116564886	13.087425369283286	47	722
Brandenburg	11.318176802336756	13.854860417253269	89	1667
Russian language	10.913123188378753	8.609551326632964	589	5192
1978	10.0	7.418374695923912	16	25
1982	10.0	10.0	17	21
Professor	40.902508765530555	3.6411666182199287	35	9456
Slope	41.813183236105694	7.713963734592109	61	1074
California	7.227773549284421	10.421643517314214	1285	9593
Propaganda	10.87552861741367	23.83123046749064	666	11327
Topology	5.216753675033192	4.105903103922719	365	2062
Los Angeles	12.199991172662186	8.121131670033902	554	7860
Census	22.848213579504282	17.16788448634138	44	9840
Star	10.309880741416801	10.085733455767082	1598	9651
Creative Commons	8.761698819058001	10.418034192282455	296	2798
Wikipedia:Image use policy	13.814578581301241	11.448413319457167	187	4163
HTML	4.676834818475214	4.275293334120448	576	4279
Leg	22.154962100530025	19.501593668373875	125	210
Economic sector	19.976450226047785	22.765562024174457	81	53
Yellow	-1.0	15.22680453390707	1	1214
Plymouth Argyle F.C.	13.785049928374674	18.836166448307058	342	8435
Football	4.938666939218755	13.326875745261347	177	9230
Poland	7.503002525856498	13.316520936125142	2418	18221
England	11.465701225807296	15.285422124844649	1510	12934
Wales	10.850077921330877	11.88738305907986	296	17226
Scotland	17.173558365752434	11.050515824372996	2112	10305
Northern Ireland	17.97742522487549	10.24004510804198	501	9767
Great Britain	8.659461803313976	8.656756278422346	263	3900
Scottish Football League	8.65107430174443	5.116472286106869	10	1401
1967	10.0	7.418374695923912	17	25
Welsh League	7.802060150267352	15.136312421506004	22	2140
Arsenal F.C.	13.1877795432258	19.59768107799078	229	5645
Aston Villa F.C.	8.184292884128189	12.278913157530615	32	4346
Birmingham City F.C.	8.88585659032744	20.641929770785	33	4984
Blackburn Rovers F.C.	12.00759536209808	16.64108279995739	54	3310
Bolton Wanderers F.C.	10.925602067047679	16.051725534622612	87	4136
Charlton Athletic F.C.	8.493667871387375	21.220579757244728	20	4168
Chelsea F.C.	16.222766617184845	16.539846540784612	578	4940
Everton F.C.	15.710992890391267	17.9375256606787	1466	5033
Fulham F.C.	14.337518006729647	21.485850674984494	411	5646
Liverpool F.C.	15.50769092365802	15.893584823861442	413	5681
Manchester City F.C.	15.679873521487313	9.177333591036549	114	4143
Manchester United F.C.	12.696666138039511	23.025604181631408	253	6164
Middlesbrough F.C.	9.228588976623504	18.661941832624002	41	3710
Newcastle United F.C.	14.83262380302684	18.331566776974967	327	9786
Portsmouth F.C.	10.152325837622973	14.791987426985184	71	6272
Tottenham Hotspur F.C.	13.645014806830233	17.304918469325354	173	3475
Derby County F.C.	14.26682664103219	23.935971357387473	1501	5655
Ipswich Town F.C.	16.141446367169838	19.44323847373094	1284	3345
Sunderland A.F.C.	9.876165511919414	13.275187410243854	138	4445
West Bromwich Albion F.C.	7.717219222242569	21.89301012778433	27	5684
West Ham United F.C.	10.390630040973836	19.849548912248455	78	7595
Wigan Athletic F.C.	11.59449288962779	18.793465900649558	65	5108
Wimbledon F.C.	14.132858412780877	20.27913216218783	911	5005
Accrington Stanley F.C.	8.056348466931478	22.389634073779693	73	1327
Telford United F.C.	6.926621321828793	23.298461721809883	42	1523
Sheffield F.C.	9.120585984870635	14.715339699892601	54	1690
Asteroid belt	10.775087415912676	6.333030833407612	513	5532
Essen	10.253372633791589	10.5388948313085	1188	5935
Gardening	9.583585672272385	14.777719339223916	359	2924
Democracy	9.810038137021579	5.850491334244482	624	7136
Game	13.041215469266293	13.952376414080051	202	4477
Nebraska	12.158448151159847	13.868664867946643	140	3224
Time	11.740406727894346	7.213847109724251	192	6504
Laboratory techniques	43.1747338028228	33.85626269678207	13	59
International System of Units	12.06586060704725	12.48435362660012	732	1625
Lake Michigan	13.860187048446441	13.128843384606297	73	2023
Gas syringe	10.644533813293931	15.047886450206004	51	497
Mixture	14.386370260874727	14.737765664081289	197	764
Chess	10.826229218235842	11.452090110570866	2893	8492
Gold	14.373141598667605	5.833403549276687	181	7671
Century	12.903557136072124	16.320328760637825	150	476
Kilogram	4.928237381589898	14.275997940625098	534	7594
Second	12.821221837854536	12.230527418657152	1143	2104
M-theory	4.97771880596128	4.243334004775854	1014	2924
Scientific method	16.616200054624628	10.215223357914653	536	8478
Gas	13.027776551535286	11.285485061141795	665	5037
Family	5.334198502330618	14.283770715176763	177	3508
Weapon	20.644308666230852	14.864607863541558	580	1609
Christmas cake	10.61628157477833	10.669012241562864	242	598
Christmas cracker	9.7138420899463	22.73867660840242	56	696
Floodlight	12.401115206053447	-1.0	37	12
Headrest	24.22867826012575	23.2909609335085	53	242
Jack-in-the-box	42.234540886206325	20.933164124226675	63	179
City of London	9.789779594462553	14.902532091564074	454	8793
City of Westminster	9.257344820222654	7.77066280226929	41	1123
London Borough of Lambeth	6.653374410856513	11.093668087953038	20	1228
London Borough of Southwark	7.723819488564876	12.945908377307285	18	1817
London Borough of Camden	8.814135486054665	20.879384446004472	19	1757
London Borough of Merton	8.63724530462102	12.481828815877432	18	1112
Brixton	8.68753304868224	11.325331158388556	28	6395
Bankside	11.043625940495996	18.9364858825116	21	483
River Thames	14.7945021994117	12.21003265212553	811	8350
Male	14.517314925034746	15.438455329234786	79	839
Female	14.65187709287797	13.745179900851738	176	1068
London Borough of Greenwich	5.439478627620018	16.686932874726793	17	973
London Borough of Wandsworth	7.912978727444118	11.632229523666403	18	881
London Borough of Islington	7.863940808855776	15.017034779027412	17	607
Bambuco	7.731410262328315	23.409222366280535	81	108
Christmas	11.263012228836338	7.321847403139401	4646	8354
Adjective	7.2698643742132365	6.172538730287669	615	1774
Paper	12.215384003687959	9.024894126381081	937	2292
Perimeter	6.675787484912332	20.131006191246385	150	204
Nation	17.6906166226912	24.5527249944085	199	5002
Metal	14.335816149201237	13.50962481249247	1281	2708
Indonesia	7.91853800917693	14.183872585142286	680	5628
Property	12.257950396690505	6.067227085120342	263	5613
Aberystwyth Town F.C.	4.490044305442027	20.722197938794757	55	383
Wikipedia:Bureaucrat log	-1.0	10.0	29	30
German language	15.56299033900028	13.01515662329567	223	7812
Mississippi River	9.623320109386382	9.839131291715855	260	6306
Tributary	15.424144273614775	9.898729141317498	69	228
Missouri River	9.769384873911346	14.96114363858771	289	10109
Meaning of life	15.641644952422254	14.014175888994979	266	10670
Great Plains	8.64369536849948	11.583406087063171	16	2226
Minnesota River	9.487123891699653	15.999319743055215	123	513
Mythology	10.061431705361816	3.320628843499859	120	2357
Wisconsin River	10.599237837483436	17.379844421879	174	1026
Alaska	9.202607975806472	9.340413383482609	257	9151
Illinois River	9.941403533020663	16.049126635943804	197	1170
Milk	10.148401359223735	4.080224491342028	507	7635
Weather	11.899921552148168	13.23757133136759	170	2458
British Columbia	9.289863669307882	11.420746442997112	283	10308
20th century	17.132921364915887	14.72474936333024	60	2740
Brussels	11.525761724796336	5.3826320949712105	167	5797
Thuringia	7.833826249331211	12.902287777934827	211	951
Saxony	11.578270155617908	7.243994384275317	215	2676
Internet Explorer	7.5784554093771295	5.961225776875025	6765	6997
Ulster	12.187409523567537	8.822017184951495	91	4975
List of mathematicians	-1.0	-1.0	8	8
Mancala	21.127938578125136	12.375156826503408	35	1423
Coden, Alabama	17.48811419204003	12.81046528451601	197	99
Platypus	4.831191042429451	5.387556435019471	1292	4297
Kenya	9.68594815197358	14.184202601664708	918	7842
Swahili language	8.363501510557125	14.903933583065037	150	3670
Long jump	27.44740873224615	14.547381251411794	53	2855
Elizabeth II	9.266631155725545	18.533364776155327	3549	6929
Question	10.0	11.75229000096353	110	2225
Gun	12.603327063821327	8.382189151122555	746	1258
Hobby	10.740684344920208	16.217880630070187	649	3069
World Trade Center	17.83102556289933	13.298230713879464	256	7863
Hour	21.753922999783608	28.458224289180524	47	590
Minute	-1.0	19.921803161142073	45	227
Head	9.837456237592837	20.502212617701673	122	636
Norway	11.382190393221777	12.617333908808167	1066	13371
Albania	12.381904502404405	12.199174535337058	246	7395
Hungary	10.973848598667201	13.106802362331894	1155	15764
Netherlands	12.341899023521025	15.710387491602518	1622	9139
Ukraine	12.740800437450153	11.103790914543376	435	17388
Liechtenstein	4.322164180002564	12.668006309996182	139	4704
Portugal	16.213090091309464	13.108021721507951	453	14232
Slovakia	7.010806940197019	12.446056190578835	811	6970
Slovenia	9.490407176784307	13.288638883140726	161	9635
Oldham Cricket Club	10.247574598507553	15.139651146135305	29	105
Denarius	12.468158513382164	15.480424685686234	70	1117
Luffa	12.914138116674838	10.996685603955914	60	395
Kimono	4.3893412133569605	6.529433742347858	376	4653
Culture	17.541296343790716	10.891484885784953	532	15898
Houseplant	14.522751359298326	6.166591917614773	26	2531
Japanese tea ceremony	3.366963820963889	13.22508259554378	351	5654
Sideboard	10.959261911975666	20.080830889736237	33	262
Holland	9.408141863524603	14.187071741097744	239	2990
Isotope	8.155943195765886	10.205331411768936	573	3499
Power network	29.33934483841925	18.99461885451167	224	1644
Citizenship	22.370880937454256	7.594699498411515	130	2335
Elephant	6.6400073360889476	8.098805757050595	1046	9173
Buddhism	14.109078492486674	10.107157132693475	1175	4247
Black hole	7.967337709769657	8.663710763618228	1979	7740
Sheffield	12.394912333264676	14.009458678690867	287	8704
Fertilizer	25.465500094727442	3.406493591145386	157	3061
Military	12.337676349928676	9.927316698909342	790	7299
Photosynthesis	8.917551742636425	6.9966732706091115	448	4950
Casserole	12.619461261100364	19.807584157918978	87	566
Flea	3.6372162921430955	8.722391318017783	253	2673
Terrorism	8.092948398919223	3.769316243447775	139	4596
Krishna	11.351772872486995	7.329614702059394	259	7197
South Africa	9.22971031784114	9.043024276570332	2590	12015
Andorra	9.717333198071037	11.103399691383549	47	3546
Hiroshima	11.381558267978136	10.040805979131042	331	3002
Day	16.238009169300266	15.117433824061397	73	2330
Sphere	12.724716365556123	3.0826008977613357	89	1639
Quantity	11.290180971519554	10.917174289814087	328	1868
Advertising	15.4756234522992	12.810799029251024	494	6924
Flag of the United States	10.21968144997484	11.429587992569259	239	4339
Mohandas Karamchand Gandhi	16.68622145447129	19.103759796933005	569	12252
Schizophrenia	4.538445223642883	6.557213484258999	830	4610
Drink	12.725735124908159	11.83072495684361	77	577
Need	13.988060439958765	12.702985809858454	270	1457
Freeware	16.026420374462706	17.935078389589204	47	424
Yahoo!	14.2801593421087	13.114126443237154	159	4616
Mecca	8.034200084127454	7.788222384874446	273	5520
Arabian Peninsula	16.35258810570522	12.408635040148772	136	3278
South	18.771771558311656	14.041875751439436	62	196
Central America	12.977929122397747	16.57357445864791	182	1384
French language	12.712597986714435	12.290342521009718	321	4487
Prime minister	24.86637028283195	20.989304476514246	88	1249
Greenland	12.420542747902157	13.464820393980293	213	4720
Monarch	9.028209991221885	7.684027244109218	122	2758
Uncle	10.0	32.93173213518667	55	147
Information	17.224664028418015	15.142976142981844	285	1946
Ice	11.416157199783006	10.863074290603123	838	6565
Travel	13.143243080988299	3.059165491154682	128	4466
CNN	7.017112035877457	16.74466977768548	64	271
Linux	14.37692384571726	5.448442197221404	1463	3766
Open source	12.393931102230164	13.295084345525119	169	5147
Desktop environment	9.968077510363512	11.77760388695347	198	4613
OpenOffice.org	11.452673542443158	7.7030622729520015	147	1361
GNOME	8.644906760194962	6.494856635075093	104	4528
Dog	3.022700101150099	7.9099566670743595	714	1435
Blindness	16.565656707089854	4.1831927930644435	152	9770
Arctic	10.802261184163886	5.934375568384781	2673	4065
Sin	14.624924508109663	11.742946818430251	161	2274
Summer	15.100380270625328	14.021120017017996	130	1125
Month	17.872533652153503	11.181580988200844	121	969
Alberta	10.14285437285297	8.611905637724991	205	2516
Electronics	12.692403417679255	15.64532491461409	1017	8458
Photon	8.116710317250288	8.827808244355438	595	1346
Soap bubble	8.313191939522621	9.081620760648965	106	6712
Fire Brigades Union	9.903274616426092	21.223084305809564	70	1893
Force	25.026091383472412	21.839783408389135	181	602
Bicycle	6.717403646139835	7.256990075870827	801	9366
Wheel	16.91757573687694	6.95289392361493	118	5493
Writing	12.300643034656973	13.638420374291101	1877	1661
Plato	11.830068985229971	8.605832579634658	349	3091
Book	14.029536147937886	10.032896930457444	913	8376
Sundial	8.139877501804733	13.436092437627845	121	8176
Derivative	24.660930566599365	8.633975590293735	16	9216
Combinatorial game theory	7.373921662222659	4.9847608741933485	542	5628
Nim	6.499983530650007	6.845378409679668	46	1781
Blue	13.926864890642536	11.534347914806817	80	2694
Memory	9.702878124748969	14.261973229918842	50	783
Murder	13.717335421748738	9.956443409802318	351	3405
Bird	12.848385076472995	10.271744748724227	5318	3760
Freedom of speech	21.539063967283237	11.349921485142326	278	9154
Banana	6.549035436561342	10.409682317672496	1129	4049
Swatch Internet Time	19.53767324885153	4.334076726312618	141	5409
Test tube	24.786045142966778	17.51072030420849	144	721
Crucible	16.930393796140322	20.31469547039475	67	491
Lithium	3.947371271839572	13.104615770098237	769	2214
Beryllium	12.923154037647251	6.449619151772409	104	5621
Data compression	20.017947225116597	12.12632201079072	491	4468
Compiler	14.853395203998653	4.2689448326771915	84	1525
Eye	5.072564545853588	2.6585641984501835	1410	2747
Tongue-twister	14.288098931154202	4.331141264074218	18	5602
AbiWord	15.891724546862575	12.367881997555608	90	558
Insect	5.509764125674954	11.624244144741574	1416	503
List of operating systems	13.332212210251422	10.785540525288008	33	8187
Million	22.777212826385227	42.61076775895429	198	33
Gross domestic product	15.381631189394765	17.881221255565322	209	242
Cricket	9.110439424669103	16.520351944197138	650	3627
Badminton	13.707939233742772	7.68449825476499	227	9818
Chemical warfare	10.730246954668976	16.366356276530446	552	7011
Iran	14.392028620615191	7.864684354899858	782	10348
Gautama Buddha	7.978846651186638	10.733228219128963	1081	12675
North	13.019442184241289	11.741901221646838	52	5173
Video game console	7.641155517140097	15.791508116549137	96	664
PlayStation	10.6929843817918	12.345920479737858	87	2652
Election	9.749096621385707	9.321243243073543	190	6999
Medicine	10.789362519273574	12.218373821505109	190	2429
Transport	12.644519884405685	2.160991155856986	375	4583
Road	12.398609663218386	6.768742410308555	152	4407
2004	15.144893984212832	10.655214710024392	16	3915
Hawaiian Islands	19.156858754085803	50.916657463311985	9	55
Mauna Kea	17.730101162118665	10.819251637509526	146	3504
Mauna Loa	12.517241602906784	12.216102198983352	93	6143
Van	22.835228273407118	8.813700128048822	119	4620
Pantograph	20.446982448795747	10.320728185773856	48	2076
Paperback	5.305349339562118	8.434468720430424	43	1109
Palette knife	22.6871308357604	2.4005063645597176	25	1835
Polymer	6.054078831940882	20.54376715951465	315	122
Medium	21.75022561724668	4.061346333993986	220	5160
Phrase	14.71338825263506	16.710191083931363	234	45
Pronoun	6.667853542683577	14.122063392546249	475	416
Adverb	4.70010443322927	10.768181603620375	309	508
News agency	20.45940003327678	7.236586449102426	42	1393
Safety curtain	17.016492660904685	12.036503586682935	68	417
Safety lamp	20.480941749942595	9.474539347478975	81	474
Christmas stocking	8.288319710807203	20.79463163677349	26	683
Wikipedia:Elections for the Board of Trustees of the Wikimedia Foundation	8.593987971510744	12.003606860086977	437	781
2001	10.0	9.590198869898243	31	456
Sex	8.306209200536882	9.928911654599162	822	81
Hacksaw	13.237863087526314	8.258448093893934	49	2987
Shovel	21.29741321027646	17.075395031805332	41	708
Plunger	13.06267762700075	12.223963524672511	58	957
Ladder	13.50558540053392	11.198392284384404	419	230
Oral history	32.96252406920282	19.021654853731985	68	385
Generation	18.98169994589634	4.007011470308785	57	846
Gene	8.27678168552326	19.614551421715603	515	1220
Alliteration	26.422835757505258	10.630677948644205	90	5867
Homophone	82.709227720593	26.256666592472875	22	325
Condensation	12.63466423958737	15.298415869442467	211	834
Relative humidity	34.83211463934432	13.470196259140149	117	435
Vitamin C	12.752972641950304	4.196481972174042	1565	2377
Healthy diet	18.05772981101948	6.982212361797135	54	8465
Dye	13.1405505069378	7.716316287284343	23	1415
Poetry	13.902177620350397	7.135899986033964	155	1153
Literature	15.916430091973343	3.7192479760409483	168	9873
Imagination	70.30284356250405	6.751668644873577	39	2194
Calorimeter	16.094895328326796	13.563617149247321	36	1708
Protease	13.1405505069378	7.74243318131678	20	2115
Dental floss	11.09805654896865	5.414271479562641	506	1035
Rickets	12.422725288458988	9.76366332873834	177	1323
Bile	4.526328279154589	7.613026022634784	77	894
Protoplasm	7.9063371466133825	7.9897316287428035	54	874
Amylase	8.399934852032585	5.312541128042061	40	399
Seam ripper	7.665953365257711	7.143849217935615	122	1097
Cavity	-1.0	16.998497495677793	6	137
Evidence	12.432843406698277	-1.0	78	11
Hill	13.647721322355046	15.712963363157037	45	906
Enzyme	5.859300197165291	14.134518302545121	744	1155
Mountain	13.824092042000194	3.2794395242026657	885	5126
Machine code	3.589696165476879	14.328065382646843	655	2117
Area	14.24655801785469	9.70414314216495	103	1005
Saskatoon	8.732745201949879	10.136025524969849	68	1344
Thermometer	4.925945603271985	13.443531516508267	306	6308
Week	34.21579237883143	6.126544610821809	59	2351
Suffix	15.664422703371828	7.105658882186044	43	1639
Japanese language	12.777004900659625	8.553371874678223	459	334
Flavor	17.117847396541695	19.582467230990478	81	7408
Bank	15.177638133544486	2.2886250491083606	210	1722
Halley's Comet	14.591863347359826	5.89317845025242	108	3726
Hubble Space Telescope	11.37119962222267	4.3636862720641645	424	5157
Arm	23.96071588290577	15.119301083813326	86	10626
Arrow	9.66323455736965	8.085545299425329	99	1991
Golf	7.542437575783558	17.325559770720506	318	1422
Spirituality	14.112943539879554	4.842941064856002	260	5454
2002	10.0	7.922252623027023	16	2296
2003	10.0	20.443299895029234	17	76
1999	10.0	27.035455946079377	28	56
1998	10.0	26.34176097242955	17	87
1997	10.0	38.9564859626859	17	72
1996	15.144893984212832	154.98207277007572	17	60
1995	10.0	32.87580748590678	17	72
1994	10.0	31.5859397832896	17	56
1993	10.0	39.60133944474883	17	89
1992	15.144893984212832	141.10177550753784	17	58
1991	10.0	28.930227492654474	17	75
2005	10.0	14.027175049696986	17	147
2006	12.707442362387573	15.77145338291292	36	80
2007	10.0	26.796777223955125	16	53
1989	10.0	14.168502363799792	28	66
Common year	13.667240388209699	40.389124868533436	165	113
Decade	19.174038261117765	13.342546569729983	80	131
19th century	15.796492601083301	33.01772847157504	54	314
21st century	-1.0	20.756271498445106	43	1206
Ijtihad	158.44489931029182	30.17902050945389	31	730
Human	10.146142107742476	12.044717646586475	2951	1129
Jungle	13.597851272698653	10.175174884308554	61	9429
Light	10.203689536989145	4.438220231378253	522	450
Stockholm	13.553499052673342	4.113540517868286	344	4702
Rain	11.41916305986078	15.577463675337585	463	6236
2009	17.132921364915887	9.183813784108139	27	6127
Gambling	5.707548749705136	16.21593851036201	155	58
Monty Python	28.78496770462429	4.5065239069510445	87	1549
Time zone	9.63175609518618	10.86337642417423	134	8954
Market	31.410628577503992	6.36103117365371	294	4542
Electron	11.11313840090881	14.218100084073996	773	2542
Chile	16.115353152941672	11.125862252760612	271	8770
Ambassador	21.366666309690714	12.500863556938647	220	12674
Monday	43.1747338028228	14.428252044354414	35	1381
Tax	12.11720623030458	17.119881000371578	365	1103
Florida	6.980984388300732	2.7152459039003327	979	9754
Mario	13.49722666465339	13.228686640426298	3690	9426
Video game	9.297973957010319	11.166616954313891	665	5070
Oboe	7.846421316956544	11.977066704134392	324	5217
GURPS	14.522751359298326	3.753653051395555	39	3619
Eric Idle	11.210560508711366	14.045720152682462	117	3668
Enemy	-1.0	13.40670213467349	34	3707
2000	17.40383454290713	-1.0	69	39
Adelaide	13.35019190079246	15.309202594364237	118	224
Yoshi	17.528933062417728	10.197011292802781	303	7852
Lake	17.854143145105148	16.747671356782977	268	1973
Tire	10.171286863430916	7.198006740031159	429	3383
Population	11.307385945882515	2.1690562301435965	174	11027
West	16.869031182799326	17.559196691241535	68	664
President	21.060166333280193	14.44874320440604	342	356
List of colors	10.0	13.707849526841853	17	2145
Galileo Galilei	10.586719165403398	13.558359789899734	648	763
Promise	10.009171087446777	10.2678210088489	153	8423
Water cycle	16.14568231917975	13.473777672664216	86	523
Water vapor	7.172055252673982	7.159873690248487	122	2143
Solid	17.06077785952409	4.435990313253458	636	2775
Evaporation	7.231008344223385	11.750169119271579	218	5008
Contract	31.943386768538925	7.190360403927961	258	1115
Face	13.20197420304296	5.752115552393897	79	9066
Kolkata	9.831460772013962	14.881998679638759	486	928
Pencil	8.903738062966115	10.610451247766834	1769	7484
Logic	8.566237728232748	10.370479238276678	320	3514
Communism	9.31076184952724	5.803655969828849	1478	4975
Resurrection	22.700718779034897	5.806682074215108	255	7959
Monarchy	17.198078370777655	14.601196762296517	932	2622
North Korea	7.035013656464898	9.324928454559698	752	2467
Parliament	11.780754381425389	12.140298485021278	669	9154
Turing test	14.573753294115335	9.42382459227119	185	4735
Fuel	11.22579295243335	10.916408277832176	215	7247
Estonia	14.741309714355655	12.082296385740996	145	1038
Latvia	12.664566924348724	9.840186128506735	289	12459
Lithuania	11.627841284911886	13.04005712171886	1066	7364
Malta	8.245176215542113	12.577714821260285	333	6118
Comoving distance	8.345489348166868	13.365275025486248	341	14565
Shaanxi	11.982475890509441	16.36590486792811	128	1344
Lisbon	10.447903391122027	5.985736488910528	63	2523
Surfing	15.615846131613644	9.454419475660037	119	8637
Lyon	8.360813836534238	8.520811508017779	111	5063
George W. Bush	12.145341934666394	12.265202908476756	1345	3631
Organic compound	9.11894966601476	12.353945049848354	495	12811
Coal	17.15467877974392	11.429186737308099	213	1013
Petroleum	12.977118092719923	5.716535123552447	362	4900
Natural gas	12.890823123724118	8.486580339897452	143	6260
Energy	11.026721905663459	10.7832504265051	254	5318
Xenon	8.689449944306432	9.03296074570685	109	6674
Kuala Lumpur	9.745298126161993	11.30163509303708	178	5530
Speed of light	9.848473765378486	6.960892707641146	645	7345
Denial	20.605474423503495	7.29752810261966	78	7530
Tokyo	6.633960733636562	9.427633112078166	520	1096
List of physicists	-1.0	6.46462036424881	7	4450
Brass	8.562588303031147	-1.0	36	13
Body	12.48956571826216	12.940798315745003	144	3405
Alloy	20.803532928285378	12.845411315002313	88	203
Material	14.96305994575891	7.126695575063107	99	2157
Brain	14.735917138761742	17.441772619926073	723	258
Neuron	8.989018710038714	6.9882189241811545	151	8420
Middle East	16.890952496882722	5.389265652638867	149	4713
Warsaw	9.795049333416815	18.64169547253028	186	3495
Point (geometry)	17.2891721831107	12.37306532849197	116	10615
Angle	1.4496556753910241	17.058189768752747	250	561
List of walls	-1.0	5.6021297880268985	8	2013
List of terrorist incidents	16.989451091340566	-1.0	47	8
List of telescope types	6.692271447629888	8.348567376708022	131	49
List of shipwrecks	36.69852373239937	20.05286021784554	15	201
List of emotions	-1.0	17.974631203995273	11	544
List of bridges	7.572446992106416	27.485663785249006	13	64
List of bones of the human skeleton	14.893241990069397	-1.0	29	32
Lists of tropical cyclone names	8.627825666133335	10.258630945867933	1763	37
Lists of astronomical objects	15.717209367343658	6.986327412479795	23	1963
List of nearest stars	18.90832786755774	10.0	71	13
List of nearest galaxies	8.407193483741965	13.800481059306302	57	370
List of water sports	10.725115373947743	11.940992051026257	48	188
List of waterways	7.3461891643709825	10.84351940154026	20	55
List of waterfalls	-1.0	13.853242643657586	8	18
List of tunnels	2.0199530694861747	11.89529169485603	25	48
List of tallest structures in the world	8.507304585967937	-1.0	297	14
List of symbols	10.0	12.012126519709271	13	358
White dwarf	12.921621321549436	10.0	290	13
Beach	11.284212018409743	5.415230432489789	203	4222
Major depressive disorder	10.099832784843118	8.606861660656769	872	7334
Qur'an	6.496718481443308	17.03151347137763	726	1787
Tony Blair	8.5642695648324	6.1261765071021665	276	10005
Accident	13.967397729010766	13.137684405289455	185	7644
Acne	11.842380423497621	15.591421758486113	343	7740
Dinosaur	12.07171312196776	18.199655297673516	814	257
Stone Age	8.934656943170905	10.111362956081663	263	27
Adolf Hitler	8.225535711891384	8.93690793119025	1456	11492
Virgil	12.79564254149552	12.355284601984579	170	8599
Alcohol	5.554560341029173	14.959580169115196	128	26514
Wolfgang Amadeus Mozart	10.907643358464338	10.968063448697256	1984	4180
Johann Sebastian Bach	12.031002344683463	2.7585301992548614	1600	3176
Atmosphere	14.106252941789469	16.16863281873049	424	5763
Penis	10.054268356075495	16.24594420408429	688	7486
Sahara	11.167737934685784	13.062643356515705	658	1498
Paris	14.550390811845705	5.474002521181322	722	1075
The Holocaust	10.67304973687628	9.870996044356605	370	4161
Kyoto	11.932466106841735	11.179428202913817	329	11762
Anarchy	7.795277867644868	7.090143823600078	457	21728
DNA	9.483384955547963	7.5432528513488295	1128	4062
Karl Marx	16.477148918743794	21.382696505653037	285	2469
Bread	6.9963498157307455	3.8976350311630936	309	7751
Shinto	6.886864329507663	8.377428922370123	154	8766
Volcano	14.042977326396699	5.307330501988396	459	4349
Big Bang	16.784732019642625	8.938926902387475	437	7163
Astronomer	17.8492410377493	4.026997006600312	50	4438
Analysis	-1.0	9.27132770133376	44	7631
Aristotle	12.230870335872664	15.841100270442913	901	784
Carl Sagan	14.467877077794842	15.684995928400326	1257	774
Colonization	17.28050810215043	11.310480659584105	119	8616
Choreography	8.335044883946972	12.88547029503587	102	6475
Vietnam War	8.1644665515048	15.147315403190094	999	1518
Sahel	12.652970868922413	13.258968350850823	361	181
Chemical change	11.44201063334632	9.378825466933556	219	16360
Physical change	8.539909669031633	16.783839621217375	93	1607
Ronald Reagan	12.337787987892296	12.88824234166804	1249	260
United Nations	11.086823226058826	17.672359361663617	353	312
List of historians	20.599327259492608	11.907062307291337	56	13580
Marco Polo	17.560328288555215	12.193851182561742	377	6989
A Brief History of Time	5.900420900060888	20.599327259492608	2976	27
Alexander Graham Bell	11.772835488113543	14.697354294622103	1494	2262
1687	10.0	23.599815229574308	17	384
Deep house	6.824851585971503	13.288678701241347	31	9484
Cytokine	15.432623092754287	10.936090149065171	101	38
Bristol	12.898018464652944	11.296579759385155	236	209
List of towns in England	39.83360034683451	13.754700853255429	252	1011
Bright Eyes (band)	16.248055226405587	14.080916003464854	124	8495
Honeycomb	11.765108061620545	16.64678826540968	97	165
Greek language	11.951092707282644	16.938924255914227	229	2289
Murasaki Shikibu	15.536018204686643	15.199268062759113	65	751
Pepsin	9.959052348327354	12.288019590474152	66	2481
PH	7.2634803264559915	11.250320590164948	245	666
Omnivore	11.933972965973547	7.562455825013232	42	1370
Herbivore	9.756726348709783	3.1510232491157306	518	4019
1941	15.144893984212832	13.508832181595967	19	777
1945	10.0	8.928844610279532	24	2993
Ludwig van Beethoven	9.938735882241087	8.412743202766391	2688	38
Roald Amundsen	12.924009027427573	8.412743202766391	94	38
Triangle (disambiguation)	17.714300976629126	14.000703283549147	81	8036
Square (geometry)	11.591257637445779	15.422825534389666	77	2852
Meat	13.046103488122187	15.459471184632708	280	10
Anders Celsius	9.74955844278809	14.695202763616997	65	282
Tuvalu	9.30737981114319	10.948301061254053	301	4856
Java	6.302242213540915	13.136722256600223	91	973
James Watt	16.9716392364799	14.02329110752501	274	3044
Michelangelo	14.037099872945188	8.396952225214347	2676	3565
Leonardo da Vinci	12.082849075828204	10.873559790279975	4410	4036
1902	10.0	15.951323549680998	16	4528
Platinum	11.498110323633298	18.694221890867933	145	8426
List of minerals	10.0	10.936090149065171	7	35
Craft	14.318386404792815	10.35988354849167	94	3625
Kim Jong-il	25.99758909328907	4.163757071435425	309	49
Silver	7.639158226642768	17.68615154485099	745	582
Pope	5.000089898167832	10.227233168117229	556	6231
San Andreas Fault	18.059294925423128	6.682181982258258	312	5119
Void (astronomy)	13.833094546438584	3.388557412901049	111	11767
Metallurgy	10.013774397152266	12.660852769852667	560	1898
Fixed-wing aircraft	8.692143982353109	11.594461136469075	425	116
Aircraft	8.357078061999754	10.660603158790586	204	1629
Victoria, British Columbia	9.376719516070088	6.365089382265773	299	4049
Suez Canal	17.309301881682472	6.829306247650023	333	5093
Canal	13.429495812059374	16.536299871698482	79	7069
Mars (mythology)	12.01382008682073	17.24148187983479	50	4854
Cessna	8.601613322178714	18.421337319672304	33	3041
Clothing	18.588044185021484	23.78099704447574	414	3822
Shoe	5.413886125773887	14.473521816836412	106	1625
Footwear	19.266347467643364	8.6107436794161	186	3787
CafÃ©	15.877608115326007	4.229569419355028	316	2083
Jazz	3.7799771800094155	14.517454910561039	336	706
Beef	8.689579018700224	16.714701160898024	88	611
The Beatles	12.90520942929193	8.330079126939433	1170	7987
Reincarnation	8.471565565142186	8.302294966580321	517	2819
EBay	9.634944233627142	3.792090041713584	168	14178
Gerhard SchrÃ¶der	6.689556098270799	3.275257096676492	148	7205
Melbourne	8.158107800730537	4.4283431311499735	390	4112
Canberra	12.024676556510949	18.224795253410704	393	2772
Sydney	14.345874760677129	12.311166741786346	248	9182
Greenhouse effect	8.137389661481349	15.507603874262603	289	7330
Ionizing radiation	13.451513497427905	12.210230115966777	361	7254
Buzz Aldrin	12.87433905247541	10.17509258493464	174	1105
Tuberculosis	7.443364511871168	6.447759588507743	715	5540
American	12.726490827630501	17.519687219552686	152	1958
Clause	9.42538219547279	4.219658063294971	206	7524
Marxism	10.741669791791491	10.81081081081081	2046	71
Sacred	10.190142847751943	3.790139652219427	101	764
Translation	6.351823434707858	8.623461126268914	87	8786
Astronaut	6.973587346970412	12.190116259046247	165	2400
Broadcasting	12.58032223184866	3.847089873763835	431	6340
Socialism	8.463575184576117	4.55756288517174	888	2846
Leninism	6.9561082300492165	11.700160925732336	29	1253
Bolshevik	9.655806613838534	5.933310874980265	290	9656
Saddam Hussein	11.03050837483788	13.7962918437021	3789	1700
List of tectonic plates	11.611030478955009	8.220175885976014	10	1964
List of oil fields	31.193745172539472	15.135199520168737	26	9230
Anarchism	16.050008085383464	8.634033951065774	334	531
List of countries by population	-1.0	18.58156591450437	77	130
List of prime numbers	8.148966260975051	6.196024621776977	53	7405
Signature	9.209537257894286	16.642324330931633	206	287
CÃ´te d'Ivoire	13.73863057635352	13.771663405068724	176	1654
Luke McCormick	9.898744452659502	12.949076448674218	164	1035
Libertarianism	7.89678154099462	13.891197712670346	1770	6251
Auction	8.950306770503575	26.623901676400106	244	561
Hong Kong	13.27756446620401	7.124529939111226	268	4975
Blitzkrieg	18.82869547772511	6.643133324056968	160	2156
Tank	14.94251072934449	15.280968291456986	301	7253
Edinburgh	13.537202269055829	12.957841484374237	301	10466
Head of state	13.798295038287234	12.659930679591344	254	7230
Vladimir Lenin	12.95282207314263	8.634824803058748	903	9665
Disease	9.0645927178719	21.218383668913603	571	8483
Carbon	9.217035125417308	14.38447978524414	582	8884
Chemical reaction	16.976545562191127	3.0521591202666567	96	3411
Rectangle	17.96616180179103	9.386895091958863	60	5334
Trafalgar Square	10.916098123538074	8.37711515952708	312	5192
Official language	10.033212499001506	8.312053534589278	100	1178
Cake	15.719137577448564	19.943965522275548	459	2532
House	19.393746316045334	17.54660774796801	2051	310
Gigabyte	13.762345090578998	9.20331960285239	146	1178
Sailor	15.669675508343603	17.18894317249359	25	1681
Farmer	17.00918077319079	9.912054545136408	106	798
Constellation	8.628574325730913	13.938525253699042	177	2460
Flood	19.61654229450553	21.91213557667367	386	664
Hell	16.9664754519321	8.92926298529767	419	852
Stonehenge	16.061471521518705	13.360651784158012	408	1885
Granite	12.019534229016475	6.474441094723493	228	5356
1970	-1.0	14.555499265468645	22	6330
Syracuse, New York	24.552314216798436	2.5833070539804805	66	2596
Soap opera	14.477626705743642	7.418374695923912	274	42
Georgia (U.S. state)	11.662964072815297	13.362960602915907	200	10487
Prem Rawat	7.017953951428972	10.79277828381249	194	4264
Immanuel Kant	10.64473350196816	14.108919115756038	1073	8157
Aunt	10.0	15.25212710643813	54	4713
Homer	8.821652307771403	9.58484573387661	442	10884
Marquis de Sade	14.443506929103116	17.670689692306095	298	58
Eurozone	7.473825755791452	9.8425451552389	98	3770
Ordinal number	9.730711131097378	16.576857559178453	158	4402
Republic	26.640657190785525	8.529194912227458	272	3400
Martin Luther	12.622354992011013	6.028827279881203	1150	5270
Noh	16.052726736668316	10.537037111310454	247	6611
Manga	14.05642071667804	13.65352802427067	90	12413
Spree	9.830253474762522	18.99214418566758	26	3129
Liberalism	15.522467995247407	6.300132833141894	640	3961
Zeno's paradoxes	16.535063888935575	17.28036288898548	629	640
Debian	10.455019368587832	14.069338040896382	472	8886
GNU	9.118130328886538	18.80903364855085	109	2483
Serbia	10.53988078317096	6.93537612573545	109	5392
Cancer	3.4518200816704763	8.031772078754537	1886	1917
Photography	9.940522453366233	12.37267679319744	1110	10731
Bridge	14.313394683577519	3.6278207298942884	101	8402
Mysticism	8.408485772084903	12.379141106213405	90	5828
Ontario	11.439791824684189	5.17924903102288	399	2595
Manitoba	12.893239893558842	23.053162495729744	251	8644
Head of government	26.75197082435707	13.85891688954254	125	6733
Saskatchewan	22.54984790736826	15.79385087012835	269	7213
Classical music	8.47960597256038	26.251855021073183	2196	1229
SNAFU	14.071524504899303	15.284185766290888	148	4581
NiccolÃ² Machiavelli	27.14511454505238	12.05930566674542	222	4622
Michigan	10.62903938641696	13.935864698138918	384	439
Caenorhabditis elegans	9.143128674772669	14.928356206226098	225	6003
Saxe-Weimar	10.755467926094713	9.866983511541513	198	8554
Oldham	8.178570673337957	11.528776293347168	153	2184
Pakistan	6.6308103738478135	13.794925515204804	1405	1124
New Zealand	10.174252394316833	12.645172061203127	777	8226
South Korea	9.642928133047281	12.06834503977376	1037	7932
Republic of Ireland	17.030884230561625	15.079367090500003	295	7915
Vietnam	4.587086065976119	10.474596239761306	1316	10487
Lance Armstrong	24.029568686188664	12.780229701362112	345	11532
Ton	13.035493125026049	9.916211396011184	18	9171
Category:Tools	-1.0	10.839832771842278	14	5651
Phoebe (moon)	13.002601312612326	5.315762176187924	158	1466
Three Peaks Challenge	14.494777192990693	26.51468339665855	735	43
Pennsylvania	8.814082272434947	7.401046065135336	851	1095
Box	11.389579914894295	21.106262969085094	151	159
Philippines	4.769031530919955	9.141156979788603	2217	8404
Fawlty Towers	11.013753349652886	15.084235847771762	379	419
Fort Ouiatenon	18.273057994604105	8.996524657273957	311	8871
Chennai	9.646982716203555	21.51270004586953	476	7140
Mumbai	11.719452604249824	15.144456565467141	286	1130
Bangalore	8.974220628328988	11.149111536225401	29	6167
New Delhi	14.114500225440391	5.585129621291799	51	9372
Edmund Hillary	14.104956108470278	11.701547516085713	448	5830
Wright brothers	15.409040988571645	5.084399417011065	417	2459
Charles Darwin	10.9502611341401	14.39575666176844	1116	4076
Adam Smith	13.137592528577212	12.257332067426386	339	11605
Isaac Newton	13.474384014312536	15.831840018443792	1209	9297
Johann Wolfgang von Goethe	10.950416518913249	10.741386513418453	1668	6856
Pythagoras	18.04175317201108	15.372844949591219	361	7499
Socrates	12.82058998214271	16.18211442688689	1466	6187
Dante Alighieri	9.425910310502026	10.602664465195033	1110	3986
Virginia Woolf	13.781775549825054	11.399153656954171	673	6612
Jane Austen	13.467629272960833	12.138886217526792	1216	4465
Charlotte BrontÃ«	17.712366872844413	16.25159999815248	618	3242
Emily BrontÃ«	16.35651114481535	20.482229684284412	60	5918
Anne BrontÃ«	11.9987426891218	14.58551523934132	185	1387
Charles Dickens	12.861259989878127	20.465403282244612	290	1090
Portsmouth	12.750273153254348	14.935444965962734	180	5707
HMS Victory	11.41827571957234	20.629710200703425	60	9254
HMS Warrior	13.346682998863708	10.37253355246339	43	9467
Mary Rose	17.221799996085668	16.363627882266027	162	3281
Mutiny on the Bounty	12.941688075949338	21.397191951048733	835	18
Lady Jane Grey	13.701457573769462	17.750194374612054	2127	13640
Tower of London	16.446054819882153	14.134637849546555	235	4574
Anne Boleyn	13.797778451032912	18.636516904929465	1574	2592
Mona Lisa	9.720058759311565	13.005892377804345	585	10150
1981	10.0	16.021486117571246	16	9695
Britney Spears	11.022408557230428	18.147920197766837	798	4221
The Matrix	9.556474973209777	10.0	2038	20
September 11 attacks	10.95578698349662	16.69011401784107	934	7991
Cardiff	13.601035881658166	18.178632020661194	247	4710
Valladolid	13.56921025473719	3.404819922411953	79	10099
Elizabeth Gaskell	9.391068954108762	10.193063551695348	112	11646
Venice	16.537407874753473	18.427039865867595	305	1717
Naples	6.149204097445427	18.09590932636798	306	1158
Florence	9.371854384972426	8.537065334181928	423	8771
Category:Mammals	13.1405505069378	10.575353286062798	12	7880
Category:Cats	12.647521481024766	23.839248586371575	23	14191
Glamorgan	7.271151013061607	20.719544660079176	91	46
Cornwall	6.424291463386027	7.813349305165547	345	28
Tintagel Castle	8.130124122363359	-1.0	150	10786
Gwyneth Paltrow	8.283023781714853	14.685498083841743	81	9406
Sarah Michelle Gellar	15.771038614925171	15.136476731296273	1284	3056
Jennifer Garner	20.74054832721882	16.668244510960324	65	2328
Heather Graham	10.8712027404417	14.605417831311694	224	3685
Christina Ricci	14.006201244128318	15.955714585740548	27	1988
Julia Roberts	21.70106071379677	13.375204844623994	243	980
Angelina Jolie	10.672644382126746	18.413806181966688	198	1767
Lisa Kudrow	17.837969542020733	19.011616720169773	78	2414
Grace Kelly	21.710797327748796	15.62427833598841	232	8125
Elizabeth Taylor	17.244745861397504	14.717315046081668	474	1385
Hilary Swank	9.404136721239432	16.195784819672173	98	5588
Nana Visitor	12.63511008469706	14.017545627112765	75	6682
Alexander Siddig	11.720302803446124	20.972787104401785	83	1427
Eiffel Tower	14.23749340950827	23.61930392703788	248	635
Venus de Milo	13.542409537002662	18.218418163024776	93	710
Aphrodite	9.373327643462153	14.358093817071497	168	4494
Venus (mythology)	18.723449457453974	19.735072963042008	116	1733
Jupiter (mythology)	13.461455949312915	7.704688322100507	289	5255
Athena	17.668540256425523	19.322153034872635	287	1993
Barcelona	13.5545818238218	16.511226224065577	95	1410
Denise Lewis	19.769989449984745	7.725045594940261	16	6343
Bronze Age	13.584528979203709	14.840022100922711	234	7285
Louis XIV of France	10.329290150954964	21.2378606002166	1305	987
Olympic Games	7.187630182160527	4.927175379816741	4257	3756
Iron Age	22.8135836280058	14.958199080239329	202	10611
Entertainment	11.764705882352942	8.931639730018617	49	9490
Open Site	26.771319443315996	12.15729721209441	114	2916
Coca-Cola	11.286134481668002	16.551583170545815	483	463
Sulfur	4.855580771633941	22.83377687866811	325	324
Aluminium	6.611004545679471	7.58168539495034	488	6162
Drawing	12.81493312868821	8.44346762737865	64	5697
Texas	6.093289680509193	5.983692367039758	771	6028
Prussia	13.443031399233682	14.269549267503109	1679	2840
Apocrypha	14.087177468931783	6.099048624204595	521	11386
Sodium	8.703094281080727	11.242880955528653	427	7199
Dice	3.6877731416639254	9.506933299942762	152	3059
Matrix (mathematics)	8.792032665982578	6.737416758666463	535	3984
British Isles	13.009526515389963	2.618054025979674	93	4587
Algeria	15.37746905882719	8.77338716473728	83	8332
Plymouth	10.128215566700607	16.99708270259643	129	6252
George Washington	14.373114684701306	13.927619922551333	1033	7085
Abraham Lincoln	6.483723133515569	11.788910556536244	1404	6825
Calvin Coolidge	15.77255700706343	12.681421305073808	385	10106
Harry S. Truman	14.22700876975417	14.533015841605264	1578	13880
John Adams	10.018267465009956	13.640847543845206	466	7151
Bill Clinton	13.431479101753153	17.051849481091775	641	12453
Social network	11.670521068662751	11.587089382781116	638	9191
Cabal	9.824430795742067	14.511856442813903	157	9411
Human science	14.298134565043256	6.443541881334116	410	4271
Flaying	13.101492479114881	16.831125966223084	142	953
Rice	16.38625525504793	18.98111728721617	231	1281
Yoga	18.44309269078473	9.846727183008259	203	444
Human development theory	34.60344833617388	9.222351715382588	161	6590
Cattle	1.9923862950159708	2.5070878652781103	1826	3752
Thunder	9.014769760990555	14.428638618592402	153	296
1	15.592614505147646	2.279947860648663	99	3863
2	10.0	15.93197796828407	21	708
3	-1.0	10.58442524546658	18	146
4	-1.0	9.360313604863142	10	114
5	19.333442948655296	9.832091710029472	101	114
6	-1.0	8.511745067190734	9	119
7	-1.0	15.083342387986516	10	87
8	-1.0	15.083342387986516	10	87
9	-1.0	15.86188773769186	10	87
10	55.958534371917445	13.075393866100342	43	87
11	-1.0	15.083342387986516	9	87
12	-1.0	15.792907534727933	10	87
13	-1.0	15.083342387986516	10	87
30	-1.0	13.756563778732861	10	87
40	-1.0	15.083342387986516	10	87
50	19.333442948655296	15.083342387986516	98	87
3 (number)	5.574667647990614	13.867527250132927	54	87
10 (number)	5.805515239477504	15.083342387986516	55	87
Category:Websites	19.156858754085803	16.036378414954935	17	742
Man	12.193328028450894	11.10793853170878	356	495
Woman	10.742756640103059	20.508349406340443	160	32
Arundel Castle	6.910604594964006	13.26782918007936	19	2340
Religious Society of Friends	6.872905790781176	26.980326805212385	1381	2184
Size	12.638999578937788	18.70054627645325	68	1581
Starvation	21.198835791382137	8.668601596192469	124	9747
Microsoft Word	15.138974885733118	22.537480887159766	588	14
Ant	10.040051253325519	9.738110733311084	1340	1645
Scissors	6.567354765818887	11.33171353344791	87	4186
Malcolm IV of Scotland	5.710038784991526	7.627400719088676	47	8179
David I of Scotland	39.67663545794099	11.044945821497	25	1532
Saint Margaret of Scotland	24.861140456082204	22.382199062685025	64	1643
Alexander I of Scotland	12.620156958075228	18.765062136104095	51	7456
Henry I of England	11.854727394074867	16.11822353995714	180	1254
Matilda of Flanders	8.66242388779832	27.19555733505904	82	973
Robert II of France	13.457302590135521	15.944138586648862	61	2892
Adelaide of Aquitaine	26.51468339665855	19.62989145964207	31	989
Gothic architecture	10.704465766305528	14.930530428605701	4743	910
Cathedral	11.98120065497888	15.72358253445274	399	107
Patron saint	28.98736762919494	12.819672299010106	47	7423
Saint David	9.416982400821999	12.469237039515283	16	5030
Saint George	11.506791098881836	32.40095764685092	739	63
Saint Andrew	13.385739630337978	17.586444587603054	61	1678
Saint Patrick	12.77578009918998	11.5258590550192	299	4552
Somerset	12.01241556522889	17.427632538503445	340	2601
Glastonbury	10.609026424456141	12.748593190334795	93	4749
Glastonbury Abbey	11.107750616406213	10.866113152030682	53	7429
Somerton	8.56302854315637	8.48603691824779	57	6507
Bridgwater	9.535166312616386	15.385887578084972	18	2331
Street	15.652389900572814	11.375369154045055	120	1556
Taunton	9.3235478621272	12.741083843351865	64	6560
Shepton Mallet	6.623786438065032	23.486668241045408	46	3052
Bath, Somerset	18.71949414846678	9.556673651951275	310	5238
Wells	11.407659628026291	19.4843068505492	63	7170
Tatworth	4.583712360130128	15.883762237408805	37	7957
Crewkerne	11.60550431348134	14.333669074466874	112	3460
River Tone	9.61242984532638	12.776111499346495	38	583
River Yeo	10.158239816789218	10.596219510425044	44	2591
River Adur	8.548156713328934	17.82971639369333	32	3775
River Aire	19.341712264547883	12.853988417428807	66	65
River Aln	15.717209367343658	11.946298381093973	26	402
River Alt	13.26982238931456	18.60371707881325	91	311
River Yare	9.371354882363887	11.779328747663385	149	132
River Exe	14.158593716334405	17.1183247585741	40	125
South Cadbury	11.984110662305868	13.08504889634433	138	1422
Watchet	19.868819979926176	11.495887132045077	196	561
Burnham-on-Sea	8.293999772634924	11.315756062933028	20	780
Cheddar	10.526079425410536	12.709379428991838	107	1092
Yatton	14.110694077526754	12.274193406578435	73	3316
Backwell	15.287937126892295	13.445361376108968	64	3792
Clevedon	12.50030958666029	12.141013798951704	102	2627
Weston-super-Mare	11.062615868645954	12.972280817465222	13	1503
South Somerset	7.8837026378535855	16.25600395459482	36	3019
Template:Welcome	-1.0	15.242762150372597	75	5533
Ankara	6.931976364565172	10.241421593085233	99	167
Johannes Gutenberg	8.063680760856387	10.0	483	104
Elizabeth I of England	11.98086239611343	13.838877677028979	1560	7173
Cate Blanchett	10.53605138184403	11.134769896614577	62	3619
Kylie Minogue	12.100863806145947	20.62399814739396	289	9666
Natalie Imbruglia	8.931653818475144	20.19941555404738	23	1798
Nicole Kidman	9.735932208924558	19.61229382639707	207	8471
Hugh Jackman	9.190106718487927	16.855996556159027	59	3134
Mel Gibson	16.486531052434902	12.892660912955073	71	3736
Natalie Portman	10.652778173860442	14.585970430602494	109	2813
Alyson Hannigan	18.875119138545376	13.870773797062371	114	6213
Jessica Alba	15.655407832478122	13.985907338484115	1466	3416
Brad Pitt	9.949219626348	3.0882521254219104	53	664
Jennifer Aniston	7.855102273691	18.349969471497353	81	3131
Jennifer Love Hewitt	12.530356304407503	13.460049485383278	414	6060
Katie Holmes	14.08906523506649	15.259340209550624	70	3066
Sigourney Weaver	24.385979553313625	14.788958822417095	83	2619
Audrey Hepburn	17.46654398544016	28.100951214892895	473	4536
Katharine Hepburn	20.66686792742735	15.688405361193333	223	1540
God Save the Queen	9.6083142946987	18.719540319062183	187	7397
Lion	12.455790729530614	17.755574086841083	1102	5012
Galatasaray S.K.	12.390614109811818	13.856282934726877	74	6233
B	10.0	9.915577314798039	14	11006
C	10.0	14.760323518215698	14	1255
D	10.0	12.365672902143052	14	547
E	13.1405505069378	16.910586292876463	25	1759
F	10.0	15.994171968950893	10	410
G	10.0	21.859334593052033	15	642
H	10.0	23.973950820667113	15	370
I	10.81081081081081	23.734571654055966	27	1499
J	10.0	15.829047153687332	25	1715
K	10.0	18.78704446226453	15	447
L	10.0	14.68939467979257	15	1171
M	10.0	18.32619353290392	15	634
N	10.0	17.85521313576427	15	528
O	10.0	21.122907562953873	15	251
P	10.0	16.97046333786368	15	412
Q	17.48052252767288	14.061960137223725	61	563
R	10.0	19.104998106365016	14	281
S	10.0	11.904657257993124	15	693
T	10.0	15.55549046231677	15	520
U	18.91614201656946	18.096169356544582	19	450
V	15.144893984212832	18.887224654745005	15	207
W	15.144893984212832	20.82071657813897	15	349
X	10.0	21.538432820041077	15	859
Y	13.167733161613723	19.459720026160074	54	1466
Z	13.443167318641096	20.614554782017105	35	760
Virus	5.952871742287744	13.315029525938707	1461	1663
MediaWiki:Sitenotice	18.10226572502381	18.725972381445224	237	1664
Heat	11.635223388760311	7.5255949741523365	318	10013
Shogun	12.932547690743954	10.31164023018938	217	204
Bratislava	6.884805517876616	9.286234046117544	429	2150
Wellington	12.669878367184689	11.885890678633661	134	1593
Biochemistry	10.01518319930573	8.123297930796276	390	6623
Sadness	9.486984262711166	16.406901009879178	116	5976
Microeconomics	34.73706613181094	8.19223072358561	119	4278
Cryptography	17.61543204113545	23.856080123308	348	151
Tuesday	13.269461541458687	13.97306457119126	244	1468
Wednesday	14.354327285531703	4.622407506639059	46	6684
Thursday	14.411873449419216	15.99784918532907	34	737
Friday	13.605617568292503	11.810307762509087	137	1230
Saturday	10.299629264890333	18.391889438396802	68	1866
Laos	11.355374795279817	11.466647243115608	210	2376
Amaterasu	7.926104826423018	14.608947812728617	533	1358
Organism	12.170211514071307	8.352073008252697	166	4330
Kinetic energy	14.99116168664021	8.461140622772517	141	551
Potential energy	7.1840025915180385	11.295144362734684	328	3076
Ship	25.406817825410467	5.599904160060168	541	2543
Boat	9.46876294557434	2.7529020922540144	67	3047
Navy	13.54739766929494	14.146285660738794	195	9154
Air force	10.925888104896014	17.041362995706592	115	1632
Adware	12.661404260825622	7.645247304039687	239	3971
Gender	10.8323750238599	11.813913935697979	49	1477
Category:Internet	10.0	11.604092111146686	7	504
Dutch language	11.56998250242187	10.29169393273169	1050	8934
Creative Commons licenses	14.05798003223042	9.770880012940076	157	167
Category:Foods	-1.0	11.479269957695173	7	8545
Category:Physics	11.611030478955009	9.905389037171673	10	581
Marshall Islands	14.91940032210922	8.119407604919848	140	24
Alphabet	8.011571061510256	32.60226952203312	665	82
County	13.316619045228537	10.365116346208488	1348	2877
New York University	7.78523031933576	13.637445627221847	28	4442
Bee	10.079045098872177	10.248080582003798	662	3698
Dragonfly	10.81643681761513	15.691772551413518	938	8129
Wind	12.914346773286963	11.039134950545344	620	4304
Vertebrate	12.501483183381726	8.556804298342287	63	1161
Category:Dogs	6.818181818181818	12.172837184156183	28	7729
Category:People	-1.0	16.67167263647902	8	1307
Singapore	4.112624158508712	4.520457683834835	2552	28
Johannesburg	13.025144604028961	-1.0	149	34
Breakfast	24.364843895868795	11.411772356243452	82	6086
Town	14.56813446754188	11.607478179993597	838	7904
Condensed matter physics	23.23856972987493	11.24795410184787	33	4426
Bag	12.54194626805354	14.826758800015705	130	7295
Julius Caesar	10.39910137972976	7.354516787758668	2124	405
Sapporo	10.39754051053491	10.0	59	7
Hokkaido	9.662612681546255	10.979289828155427	170	8154
Hinduism	8.73707759620858	14.293415017283223	3757	3853
HernÃ¡n CortÃ©s	12.477406766014777	6.533155499594214	608	2555
Atheism	3.511201743365574	10.312037014605949	1871	7080
Hippocrates	9.317218653030721	17.708995926849255	223	6746
Harvest	50.79380447390918	7.292624681612976	36	7202
ELISPOT	21.7291798045496	5.974821885250314	175	3388
Category:Biochemistry	10.0	14.145827355117381	10	612
Aztec	11.419745293494678	11.780105231476524	667	577
Category:Numbers	14.578461507622485	23.854513740021375	40	43
Richard Nixon	10.15267468197647	7.79449727023253	1198	7273
Gerald Ford	13.111674743013436	14.270400274284661	495	36
John Kerry	14.544292849637806	11.316997906163683	123	13621
White blood cell	11.768311300934327	11.67753194564816	524	11959
Lymphocyte	7.799318818747463	12.802918445703947	611	9915
Author	20.27532020968818	12.555809124076546	147	1028
Pedipalp	10.145221269172087	9.977106003100134	128	1136
Ionic compound	7.939692287044534	10.529888033129902	67	1926
ELISA	15.186571068009378	10.025057989059356	143	373
David Hume	14.740240799650202	5.606804719304693	470	579
Brush	11.270955052771697	9.870072710107411	268	1772
Starch	6.140801399029723	13.567336874733254	227	7126
Thomas Hobbes	15.455781243352243	14.073981276068885	475	998
Nicomachus	13.84083044982699	5.853045877518401	12	2783
Logo	14.868782147780982	12.7197142110066	238	3963
Building	11.61587937546329	15.333767260541938	625	450
Candle	13.453494249635083	14.672264435849542	343	2518
Salamander	12.531377727335931	21.66684241152383	686	671
Newt	13.811489408079595	5.474637624171557	362	2455
Poison	10.613861268735409	12.393227262441945	485	1510
Larva	13.491845956428444	12.05966852353391	405	1272
Amphibian	12.528151199060453	10.883859446162107	231	1173
Father	12.355350200113932	17.3114717305969	199	278
Gill	13.297981655700635	12.981632290157286	123	1909
Chemical compound	11.303142321410876	10.654583929253349	361	966
Wood	14.810676364103758	8.534324828029566	444	1606
Chalk	7.203914551975185	11.318359245425667	373	1019
Utilitarianism	12.812371199001884	4.648911711184225	112	6091
Village	17.81814330345673	14.433087167913383	391	497
Chelmsford	14.319181958390022	6.669857036180945	588	5744
Gangnihessou	16.592467880662003	13.884973299868259	88	4373
Tomorrow	14.435221941537351	16.936213960559257	42	7619
Contract bridge	18.811974156638993	19.207945628592892	35	319
No	-1.0	-1.0	61	11
Leon Trotsky	15.652485562921319	9.6306388635038	343	9819
Second International	17.783744821431267	-1.0	143	12
Devon	10.125505677470477	14.91990061191148	855	12304
Insectivore	9.503232559681676	13.716197038528918	85	527
Vapor	17.85150633809378	5.173395107957299	46	4986
Vehicle	11.160719083646754	12.781897795454872	147	430
Line dance	12.494421391748135	9.164873245476059	42	581
Three Kingdoms of Korea	6.367948548657075	17.741808687425852	148	265
EckernfÃ¶rde	14.35873136719588	13.001614250216837	67	1611
Archduke Franz Ferdinand of Austria	24.44476289860934	14.661794325198896	86	1832
Black Hand	14.977692688731079	18.895069156471656	123	214
Autarky	11.683409084569979	9.81611933747006	72	2353
Bonsai	6.189708154915064	12.854148879799718	980	2654
Chastity belt	26.10299018876468	12.167249926168969	63	720
Mount Arafat	24.251340123092398	9.70974179330326	49	6170
Ariel Sharon	16.580345974386415	17.05798729105582	239	1081
Syria	11.278329688333493	13.059538801474115	175	301
Psychology	5.001141468591261	14.510960434897589	792	6577
Louisiana	8.807875970524217	6.393998892077438	180	12239
Synonym	11.900972131984036	8.372922466766658	80	6474
Yosa Buson	22.06157468874159	11.098916215023076	185	11648
Chopsticks	8.860504590933436	8.93352061236795	1002	490
Telephone	8.567142557836428	16.44388694830599	374	341
Kobe	9.342483730742043	10.823863870041604	457	1286
Oradea	16.612173964097096	10.30512438535634	933	3851
Henry Ford	8.296173631332609	11.850599903718276	592	2585
George Orwell	10.17908169226482	7.616188761057367	433	2560
Genghis Khan	17.842160389512493	13.228825934716484	793	7506
Joseph Stalin	7.509032890588723	16.855952058059888	991	14515
Antigua and Barbuda	8.128146519354134	10.902408899947991	32	10049
San Marino	11.538416022829878	10.807066220217884	191	14840
Philippe's	13.387213613275751	9.529011918126784	109	3510
Funeral	22.627337275922184	6.81202511332386	305	5638
Georgian Uprising of Texel	15.499901037068836	12.7262302027649	436	1016
Neutrino	2.076761320502508	3.2389486866624293	352	8460
Phrasal verb	13.62651570864136	17.24953021778263	303	1249
Season	6.716264168926857	3.910677058790116	515	6476
Carisbrooke Castle	16.033097308371392	9.812648342528156	197	836
Atlantis	27.57644016320903	9.423763499144062	281	2813
Comparative	17.82516119148363	21.53896535103256	205	1085
Asbestos	14.532620682010709	7.94026858385605	114	4065
Syllable	2.831290259069051	10.102002982513799	177	782
Umbrella	10.783487138052717	11.070237107998505	44	7671
Usenet	8.940550470810336	0.9232825895618645	498	1681
Diagonal	10.458596920748708	7.775868385026051	65	4179
Kwashiorkor	9.491280907643642	9.63598158492158	112	5456
North Sea	8.776102869849863	7.190715105062606	1096	797
Anne Frank	12.163214784882554	13.472501863556833	1875	806
Jan Peter Balkenende	8.954710502276049	13.684979185809155	92	5643
Toleration	14.116177889326584	2.879718188422847	40	7609
William the Silent	20.19106454672167	11.655530939198073	266	1558
SimÃ³n BolÃ­var	7.548203124452912	7.229008741806329	76	5209
Pythagorean theorem	13.7319990994112	16.210955568647215	283	4926
Temperature	10.418745803914495	14.737788744298449	422	4068
Tux	14.50293415083336	8.01327796185863	95	5508
Mein Kampf	6.0844268287441325	8.012405381981539	312	5516
Computer graphics	8.894808954682789	5.224715988834682	381	783
FC Bayern Munich	14.65041572250937	12.00342449374135	50	5306
Cape of Good Hope	12.87181842876452	5.905960450966563	76	4325
Hand washing	13.977886362820518	13.81996171201082	380	5877
Venezuela	13.21700945588401	16.698878431594178	359	1987
Saudi Arabia	11.29124295218942	8.61667631303666	300	3328
Colombia	9.830750379944714	15.139439093258957	1451	8721
Abel Tasman	10.055260729073442	12.220701148103721	402	12425
Artificial intelligence	21.619388579495798	13.16292895895114	246	9550
Programmer	14.323507644434983	15.789258757310256	207	1919
Programming language	6.989429713686764	18.330477672564374	1335	7062
Visual Basic	11.858508935149747	8.49694399350158	351	1800
Booting	10.533618884943198	6.019257655935559	260	4822
Tea	5.26077960951456	7.281596955476841	286	1519
Interlingua	19.97057613781669	6.113507032093674	351	4488
World	13.752600121209182	1.8401546276886445	54	6776
Azerbaijan	14.494472622155856	9.602763451446044	203	4872
Actor	7.916525505349168	25.974119279515385	544	1162
Ptolemy	14.328215770493856	10.469560122227968	496	10826
Moctezuma II	16.00147504534449	17.37415452151846	194	1443
Antonio LÃ³pez de Santa Anna	17.966812407953295	11.049871219754786	106	2866
Granzyme	11.882819322491496	14.747167847298003	36	3600
Baseball	6.125384278963617	12.772392939767581	2221	3325
Names of God in Judaism	17.575469201873357	8.693339385420522	189	311
Football League Championship	9.75015339734781	13.314689823475405	37	11024
Birmingham	8.177958597918655	11.273218118404404	109	6329
Richmond, Virginia	9.084707957528405	21.581227700281488	86	1095
American Civil War	10.046507749216234	9.764321262773622	3245	8523
Tutankhamun	14.669619985729355	13.896020301869013	382	10665
Independence	9.204353101999017	3.191176538292242	282	12475
Anubis	19.09517536270208	10.021137108430517	500	3278
Atum	12.628637239197914	12.961555528758328	103	513
Antisemitism	7.409601319191104	15.608492119057988	49	862
Esteban Huertas	8.905866545110765	14.621792901982207	99	659
